id,Filename
105,IMG_20250619_190150.png
105,IMG-20250627-WA0027.png
105,IMG-20250625-WA0128.png
105,IMG-20250625-WA0032.png
105,IMG_20250425_135624.png
105,IMG_20250619_190156.png
105,IMG_20250619_190110.png
105,IMG_20250425_135440.png
105,IMG-20250627-WA0098.png
105,IMG_20250425_135350.png
105,IMG-20250627-WA0061.png
105,IMG-20250627-WA0069.png
105,IMG-20250627-WA0030.png
105,IMG-20250627-WA0028.png
105,IMG-20250627-WA0092.png
105,IMG-20250627-WA0048.png
105,IMG_20250619_190114.png
105,IMG_20250619_190100.png
105,IMG_20250425_135536.png
105,IMG-20250627-WA0080.png
105,IMG_20250619_190017.png
105,IMG-20250627-WA0022.png
105,IMG-20250627-WA0037.png
105,IMG-20250627-WA0041.png
105,IMG-20250625-WA0131.png
105,IMG-20250627-WA0040.png
105,IMG-20250625-WA0148.png
105,IMG_20250619_190124.png
105,IMG_20250619_190122.png
105,IMG-20250625-WA0081.png
105,IMG_20250619_190115.png
105,IMG-20250625-WA0112.png
105,IMG_20250425_135327.png
105,IMG-20250627-WA0051.png
105,IMG-20250627-WA0067.png
105,IMG_20250619_190133.png
105,IMG_20250619_190024.png
105,IMG-20250625-WA0094.png
105,IMG_20250619_190126.png
105,IMG-20250627-WA0019.png
105,IMG_20250425_135408.png
105,IMG-20250627-WA0106.png
105,IMG-20250625-WA0089.png
105,IMG_20250619_190204.png
105,IMG-20250627-WA0060.png
105,IMG_20250619_190010.png
105,IMG-20250627-WA0086.png
105,IMG_20250425_135544.png
105,IMG_20250425_135336.png
105,IMG-20250627-WA0029.png
105,IMG-20250627-WA0050.png
105,IMG-20250625-WA0139.png
105,IMG-20250627-WA0015.png
105,IMG-20250627-WA0094.png
105,IMG-20250627-WA0044.png
105,IMG_20250619_190005.png
105,IMG-20250627-WA0075.png
105,IMG-20250625-WA0048.png
105,IMG-20250625-WA0114.png
105,IMG_20250619_190152.png
105,IMG_20250425_135423.png
105,IMG_20250425_122531.png
105,IMG_20250425_135615.png
105,IMG-20250627-WA0066.png
105,IMG-20250625-WA0080.png
105,IMG_20250425_135622.png
105,IMG_20250425_135317.png
105,IMG_20250619_190035.png
105,IMG_20250619_190129.png
105,IMG-20250627-WA0025.png
105,IMG_20250425_135435.png
105,IMG-20250625-WA0058.png
105,IMG_20250619_190135.png
105,IMG_20250619_190021.png
105,IMG-20250627-WA0093.png
105,IMG-20250627-WA0047.png
105,IMG_20250619_190039.png
105,IMG_20250619_190118.png
105,IMG-20250627-WA0036.png
105,IMG-20250627-WA0049.png
105,IMG_20250619_190112.png
105,IMG-20250627-WA0014.png
105,IMG-20250627-WA0039.png
105,IMG_20250619_190145.png
105,IMG-20250627-WA0024.png
105,IMG_20250619_190014.png
105,IMG_20250619_190147.png
105,IMG_20250425_135604.png
105,IMG-20250627-WA0045.png
105,IMG_20250619_190108.png
105,IMG_20250425_135527.png
105,IMG-20250627-WA0105.png
105,IMG-20250627-WA0010.png
105,IMG-20250627-WA0035.png
105,IMG-20250627-WA0043.png
105,IMG-20250627-WA0026.png
105,IMG_20250425_135433.png
105,IMG-20250627-WA0013.png
105,IMG_20250425_135559.png
105,IMG-20250627-WA0042.png
105,IMG-20250627-WA0009.png
105,IMG_20250619_190053.png
105,IMG_20250425_135552.png
105,IMG-20250625-WA0105.png
105,IMG-20250627-WA0023.png
105,IMG-20250627-WA0088.png
105,IMG-20250627-WA0057.png
105,IMG-20250627-WA0018.png
105,IMG-20250627-WA0072.png
105,IMG-20250627-WA0012.png
105,IMG-20250627-WA0097.png
105,IMG-20250625-WA0135.png
105,IMG-20250627-WA0016.png
105,IMG_20250425_135425.png
105,IMG_20250619_190143.png
105,IMG-20250627-WA0095.png
105,IMG_20250619_190028.png
105,IMG-20250625-WA0084.png
105,IMG_20250619_190202.png
105,IMG-20250625-WA0132.png
105,IMG-20250625-WA0126.png
105,IMG_20250425_135607.png
105,IMG_20250619_190057.png
105,IMG_20250425_135611.png
105,IMG_20250619_190159.png
105,IMG_20250619_190154.png
105,IMG-20250625-WA0045.png
105,IMG-20250627-WA0038.png
105,IMG-20250625-WA0055.png
