id,Filename
81,IMG_20250619_190805.png
81,IMG_20250619_190727.png
81,IMG_20250425_140007.png
81,IMG_20250619_190823.png
81,IMG_20250619_190933.png
81,IMG_20250619_190922.png
81,IMG_20250619_190825.png
81,IMG_20250619_190849.png
81,IMG_20250619_190956.png
81,IMG_20250619_191010.png
81,IMG_20250425_135958.png
81,IMG_20250619_190920.png
81,IMG_20250619_190753.png
81,IMG_20250619_190855.png
81,IMG_20250425_140001.png
81,IMG_20250619_190734.png
81,IMG_20250619_190736.png
81,IMG_20250619_190729.png
81,IMG_20250619_190857.png
81,IMG_20250619_190746.png
81,IMG_20250619_191002.png
81,IMG_20250619_191013_1.png
81,IMG_20250425_135916.png
81,IMG_20250619_190801.png
81,IMG_20250619_190744.png
81,IMG_20250619_190932.png
81,IMG_20250619_191013.png
81,IMG_20250619_190814.png
81,IMG_20250619_190754.png
81,IMG_20250619_190743.png
81,IMG_20250619_190858.png
81,IMG_20250425_135954.png
81,IMG_20250425_135930.png
81,IMG_20250619_190925.png
81,IMG_20250619_190921.png
81,IMG_20250619_190759.png
81,IMG_20250619_190750.png
81,IMG_20250619_190853.png
81,IMG_20250619_190953.png
81,IMG_20250425_122646.png
81,IMG_20250619_190940_1.png
81,IMG_20250619_190827.png
81,IMG_20250619_190844.png
81,IMG_20250425_135943.png
81,IMG_20250619_190837.png
81,IMG_20250619_190926_1.png
81,IMG_20250619_191015.png
81,IMG_20250619_191014.png
81,IMG_20250619_190747.png
81,IMG_20250619_190819.png
81,IMG_20250619_190938.png
81,IMG_20250619_190758.png
81,IMG_20250619_190931.png
81,IMG_20250619_190741.png
81,IMG_20250425_135924.png
81,IMG_20250619_190810.png
81,IMG_20250619_190846.png
81,IMG_20250619_190958.png
81,IMG_20250619_190828.png
81,IMG_20250619_190911.png
81,IMG_20250619_190954.png
81,IMG_20250619_190830.png
81,IMG_20250619_191000.png
81,IMG_20250619_190924.png
81,IMG_20250619_190835.png
81,IMG_20250619_190918.png
81,IMG_20250425_140004.png
81,IMG_20250619_190926.png
81,IMG_20250619_190934.png
81,IMG_20250619_190842.png
81,IMG_20250619_190816.png
81,IMG_20250619_190731.png
81,IMG_20250619_190940.png
81,IMG_20250619_190907.png
81,IMG_20250619_190927.png
81,IMG_20250619_190900.png
81,IMG_20250619_190749.png
81,IMG_20250619_190923.png
81,IMG_20250619_190929.png
,
81,IMG_20250619_190818.png
81,IMG_20250425_135949.png
81,IMG_20250619_190840.png
81,IMG_20250619_191008.png
81,IMG_20250619_190942.png
81,IMG_20250619_190909.png
81,IMG_20250619_190831.png
81,IMG_20250619_191007.png
81,IMG_20250619_191006.png
81,IMG_20250619_190916.png
81,IMG_20250425_135938.png
81,IMG_20250619_190803.png
81,IMG_20250619_190813.png
81,IMG_20250619_191009.png
81,IMG_20250619_190738.png
81,IMG_20250619_190808.png
81,IMG_20250619_190928.png
81,IMG_20250619_190917.png
81,IMG_20250619_190756.png
81,IMG_20250619_190939.png
81,IMG_20250619_190839.png
81,IMG_20250619_190822.png
81,IMG_20250619_190959.png
